,Unnamed: 0,date,symbol,eps,epsEstimated,time,revenue,revenueEstimated,fiscalDateEnding,updatedFromDate
23219,377,1995-07-20,AAPL,0.00746,0.00787,amc,2575000000.0,2575000000.0,1995-06-29,2023-05-17
25633,292,1995-10-18,AAPL,0.00436,0.00473,amc,3003000000.0,4729725000.0,1995-09-28,2023-05-17
27731,139,1996-01-17,AAPL,-0.00501,-0.00316,amc,3148000000.0,1574000000.0,1995-12-28,2023-05-17
31057,267,1996-04-17,AAPL,-0.02,-0.01422,amc,2185000000.0,1560714285.7142856,1996-03-28,2023-05-17
33864,213,1996-07-17,AAPL,-0.00231,-0.00152,amc,2179000000.0,4358000000.0,1996-06-27,2023-05-17
36826,256,1996-10-16,AAPL,0.00179,0.00082,amc,2321000000.0,4386689999.0,1996-09-26,2023-05-17
37979,1409,1996-12-12,ORCL,0.03,0.03053,bmo,1311373000.0,1311373000.0,1996-11-29,2023-05-17
39105,79,1997-01-15,AAPL,-0.00832,-0.00561,amc,2129000000.0,1419333333.3333335,1996-12-26,2023-05-17
39183,157,1997-01-17,MSFT,0.07,0.06,amc,2680000000.0,2233333333.0,1996-12-30,2023-05-17
40932,1906,1997-03-13,ORCL,0.03,0.0303,bmo,1372612000.0,1372612000.0,1997-02-27,2023-05-17
42832,207,1997-04-16,AAPL,-0.07179,-0.0607,amc,1601000000.0,1280800000.0,1997-03-27,2023-05-17
42932,307,1997-04-17,MSFT,0.1,0.08,amc,3208000000.0,2566400000.0,1997-03-30,2023-05-17
44185,1560,1997-06-17,ORCL,0.06,0.06,bmo,1948031000.0,1948031000.0,1997-05-30,2023-05-17
46072,258,1997-07-16,AAPL,-0.00367,-0.00289,amc,1737000000.0,1737000000.0,1997-06-26,2023-05-17
46075,261,1997-07-17,MSFT,0.1,0.1,amc,3175000000.0,3175000000.0,1997-06-29,2023-05-17
47446,1632,1997-09-16,ORCL,0.03,0.0298,bmo,1368829000.0,1129283925.0,1997-08-30,2023-05-17
49469,387,1997-10-20,MSFT,0.09,0.09,amc,3130000000.0,3130000000.0,1997-09-29,2023-05-17
50729,1647,1997-12-08,ORCL,0.03,0.03667,bmo,1613727000.0,2017158750.0,1997-11-29,2023-05-17
52041,60,1998-01-14,AAPL,0.003,0.00245,amc,1578000000.0,1578000000.0,1997-12-25,2023-05-17
52244,263,1998-01-21,MSFT,0.11,0.1,amc,3585000000.0,3226500000.0,1997-12-30,2023-05-17
54103,2122,1998-03-12,ORCL,0.04,0.03527,bmo,1748757000.0,1748756998.5,1998-02-27,2023-05-17
56127,148,1998-04-15,AAPL,0.00337,0.00131,amc,1405000000.0,1405000000.0,1998-03-26,2023-05-17
56554,575,1998-04-22,MSFT,0.13,0.12,amc,3774000000.0,3459500000.0,1998-03-30,2023-05-17
57664,1685,1998-06-17,ORCL,0.07,0.06,bmo,2412553000.0,2010460833.0,1998-05-30,2023-05-17
59627,163,1998-07-15,AAPL,0.00525,0.00312,amc,1402000000.0,701000000.0,1998-06-25,2023-05-17
59687,223,1998-07-16,MSFT,0.13,0.12,amc,3995000000.0,3662083333.0,1998-06-29,2023-05-17
61239,1775,1998-09-10,ORCL,0.03,0.02448,bmo,1749110000.0,1749110000.0,1998-08-30,2023-05-17
63205,130,1998-10-14,AAPL,0.0055,0.00393,amc,1556000000.0,2450700000.0,1998-09-24,2023-05-17
63458,383,1998-10-20,MSFT,0.14,0.12,amc,3953000000.0,3388285714.2857137,1998-09-29,2023-05-17
64875,1800,1998-12-10,ORCL,0.05,0.04259,bmo,2055944000.0,1541958000.0,1998-11-29,2023-05-17
66265,60,1999-01-13,AAPL,0.00789,0.007,amc,1710000000.0,2500875000.0,1998-12-25,2023-05-17
66339,134,1999-01-19,MSFT,0.18,0.15,amc,4938000000.0,3950400000.0,1998-12-30,2023-05-17
68569,2364,1999-03-11,ORCL,0.05,0.05,bmo,2078919000.0,2078919000.0,1999-02-27,2023-05-17
70890,134,1999-04-14,AAPL,0.00696,0.00584,amc,1530000000.0,1530000000.0,1999-03-26,2023-05-17
71085,329,1999-04-20,MSFT,0.19,0.16,amc,4331000000.0,3518937500.0,1999-03-30,2023-05-17
72270,1514,1999-05-18,NVDA,0.00375,0.00282,bmo,71000000.0,35500000.0,1999-05-01,2023-05-17
72565,1809,1999-06-15,ORCL,0.09,0.08,bmo,2943278000.0,2575368250.0,1999-05-30,2023-05-17
74755,98,1999-07-14,AAPL,0.01038,0.00964,amc,1558000000.0,1558000000.0,1999-06-25,2023-05-17
74916,259,1999-07-19,MSFT,0.2,0.18,amc,6525000000.0,5800000000.0,1999-06-29,2023-05-17
76271,1614,1999-08-18,NVDA,0.00417,0.00399,bmo,78000000.0,78000000.0,1999-07-31,2023-05-17
76521,1864,1999-09-14,ORCL,0.04,0.03969,bmo,1984517000.0,1984517000.0,1999-08-30,2023-05-17
78705,73,1999-10-13,AAPL,0.00555,0.00493,amc,1336000000.0,2104200000.0,1999-09-24,2023-05-17
78931,299,1999-10-19,MSFT,0.19,0.17,amc,5384000000.0,4750588235.0,1999-09-29,2023-05-17
80276,1644,1999-11-18,NVDA,0.00625,0.00503,bmo,97000000.0,97000000.0,1999-10-30,2023-05-17
80539,1907,1999-12-14,ORCL,0.07,0.05,bmo,2321883000.0,2298664168.5,1999-11-29,2023-05-17
82123,116,2000-01-18,MSFT,0.24,0.21,amc,6112000000.0,5238857142.0,1999-12-30,2023-05-17
84040,2033,2000-02-15,NVDA,0.0081,0.0074,bmo,128400000.0,128500000.0,2000-01-29,2023-05-17
84608,2601,2000-03-14,ORCL,0.09,0.07,bmo,2449418000.0,1749584285.0,2000-02-28,2023-05-17
87643,490,2000-04-19,AAPL,0.01143,0.01043,amc,1945000000.0,1945000000.0,2000-03-31,2023-05-17
87734,581,2000-04-20,MSFT,0.22,0.2,amc,5656000000.0,5141818181.818182,2000-03-30,2023-05-17
88776,1623,2000-05-16,NVDA,0.0098,0.00819,bmo,148483000.0,111375000.0,2000-04-29,2023-05-17
89109,1956,2000-06-20,ORCL,0.16,0.13,bmo,3374310000.0,2595623076.0,2000-05-30,2023-05-17
91737,179,2000-07-18,AAPL,0.00987,0.00958,amc,1825000000.0,1825000000.0,2000-06-30,2023-05-17
91815,257,2000-07-18,MSFT,0.22,0.21,amc,5804000000.0,5527619047.0,2000-06-29,2023-05-17
93247,1689,2000-08-21,NVDA,0.0059,0.00548,bmo,170398000.0,136320000.0,2000-07-29,2023-05-17
93508,1950,2000-09-14,ORCL,0.09,0.06,bmo,2261875000.0,1866046875.0,2000-08-30,2023-05-17
96347,300,2000-10-18,MSFT,0.23,0.21,amc,5800000000.0,5295652173.913043,2000-09-29,2023-05-17
97619,1572,2000-11-09,NVDA,0.01455,0.05,bmo,198165000.0,165166666.6666667,2000-10-28,2023-05-17
98040,1993,2000-12-14,ORCL,0.11,0.1,bmo,2659546000.0,2393591400.0,2000-11-29,2023-05-17
100045,190,2001-01-18,MSFT,0.24,0.23,amc,6585000000.0,6310625000.0,2000-12-30,2023-05-17
102099,2244,2001-02-15,NVDA,0.016,0.1276,bmo,218218000.0,360030000.0,2001-01-27,2023-05-17
102620,2765,2001-03-15,ORCL,0.1,0.1,bmo,2674367000.0,2674367000.0,2001-02-27,2023-05-17
105930,482,2001-04-19,MSFT,0.22,0.21,amc,6456000000.0,6162545454.545454,2001-03-30,2023-05-17
107137,1689,2001-05-22,NVDA,0.02,0.01962,bmo,240932000.0,240900000.0,2001-04-28,2023-05-17
107414,1966,2001-06-18,ORCL,0.15,0.14,bmo,3263884000.0,3030749428.0,2001-05-30,2023-05-17
110521,373,2001-07-19,MSFT,0.22,0.21,amc,6455000000.0,6147619047.0,2001-06-29,2023-05-17
111802,1654,2001-08-14,NVDA,0.02,0.01906,bmo,260259000.0,259900000.0,2001-07-28,2023-05-17
112180,2032,2001-09-13,ORCL,0.09,0.08,bmo,2242045000.0,1961789375.0,2001-08-30,2023-05-17
115573,393,2001-10-18,MSFT,0.22,0.2,amc,6126000000.0,5569090909.09091,2001-09-29,2023-05-17
116764,1584,2001-11-08,NVDA,0.02,0.01679,bmo,370241000.0,324444444.4444445,2001-10-27,2023-05-17
117241,2061,2001-12-13,ORCL,0.1,0.1,bmo,2357335000.0,2357335000.0,2001-11-29,2023-05-17
119456,117,2002-01-16,AAPL,0.0019,0.00186,amc,1375000000.0,1375000000.0,2001-12-28,2023-05-17
119534,195,2002-01-17,MSFT,0.25,0.21,amc,7741000000.0,6266523809.0,2001-12-30,2023-05-17
122472,3133,2002-03-14,ORCL,0.09,0.09,bmo,2229343000.0,2229343000.0,2002-02-27,2023-05-17
127157,404,2002-04-18,MSFT,0.25,0.25,amc,7245000000.0,7245000000.0,2002-03-30,2023-05-17
128599,1846,2002-05-22,NVDA,0.04,0.03939,bmo,582905000.0,546468750.0,2002-04-27,2023-05-17
128869,2116,2002-06-18,ORCL,0.14,0.12,bmo,2844277000.0,2370230833.0,2002-05-30,2023-05-17
133278,169,2002-07-16,AAPL,0.00156,0.00151,amc,1429000000.0,1429000000.0,2002-06-28,2023-05-17
133413,304,2002-07-18,MSFT,0.21,0.21,amc,7253000000.0,7253000000.0,2002-06-29,2023-05-17
134942,1833,2002-08-15,NVDA,0.00259,0.00277,bmo,427285000.0,427300000.0,2002-07-27,2023-05-17
135266,2157,2002-09-17,ORCL,0.07,0.07,bmo,2028000000.0,2028000000.0,2002-08-30,2023-05-17
139913,323,2002-10-17,MSFT,0.28,0.21,amc,7746000000.0,5809499999.999999,2002-09-29,2023-05-17
141196,1606,2002-11-07,NVDA,-0.02643,-0.02196,bmo,430304000.0,645450000.0,2002-10-26,2023-05-17
141766,2176,2002-12-18,ORCL,0.1,0.08,bmo,2309000000.0,1731750000.0,2002-11-29,2023-05-17
145118,161,2003-01-16,MSFT,0.27,0.23,amc,8541000000.0,7275666666.666667,2002-12-30,2023-05-17
147654,2697,2003-02-13,NVDA,0.02534,0.01007,bmo,468953000.0,386925000.0,2003-01-25,2023-05-17
148408,3451,2003-03-18,ORCL,0.11,0.1,bmo,2307000000.0,2076300000.0,2003-02-27,2023-05-17
153254,156,2003-04-15,MSFT,0.27,0.24,amc,7835000000.0,6964444444.444444,2003-03-30,2023-05-17
154771,1673,2003-05-08,NVDA,0.0098,0.00862,bmo,404983000.0,405000000.0,2003-04-29,2023-05-17
155315,2217,2003-06-12,ORCL,0.16,0.14,bmo,2832000000.0,2427428571.0,2003-05-30,2023-05-17
160326,338,2003-07-17,MSFT,0.23,0.24,amc,8065000000.0,8401041666.0,2003-06-29,2023-05-17
161709,1721,2003-08-07,NVDA,0.01153,0.01575,bmo,459774000.0,613066666.6666667,2003-07-30,2023-05-17
162240,2252,2003-09-12,ORCL,0.08,0.08,bmo,2072000000.0,2072000000.0,2003-08-30,2023-05-17
167756,807,2003-10-23,MSFT,0.3,0.29,amc,8215000000.0,7941166666.666667,2003-09-29,2023-05-17
168649,1700,2003-11-06,NVDA,0.00306,0.00257,bmo,486069000.0,388880000.0,2003-10-30,2023-05-17
169275,2326,2003-12-15,ORCL,0.12,0.11,bmo,2498000000.0,2270909090.0,2003-11-29,2023-05-17
172729,55,2004-01-14,AAPL,0.00302,0.00276,amc,2006000000.0,2006000000.0,2003-12-26,2023-05-17
173002,328,2004-01-22,MSFT,0.34,0.3,amc,10153000000.0,8958529411.764704,2003-12-30,2023-05-17
175657,2983,2004-02-12,NVDA,0.03,0.01076,bmo,472119000.0,188840000.0,2004-01-30,2023-05-17
176461,3787,2004-03-11,ORCL,0.12,0.12,bmo,2509000000.0,2509000000.0,2004-02-28,2023-05-17
181665,80,2004-04-14,AAPL,0.00217,0.00149,amc,1909000000.0,1909000000.0,2004-03-26,2023-05-17
182308,723,2004-04-22,MSFT,0.34,0.29,amc,9175000000.0,7825735294.117646,2004-03-30,2023-05-17
183365,1780,2004-05-06,NVDA,0.02,0.00846,bmo,471905000.0,176962500.0,2004-04-24,2023-05-17
184008,2423,2004-06-15,ORCL,0.19,0.18,bmo,3076000000.0,2905111111.0,2004-05-30,2023-05-17
189180,105,2004-07-14,AAPL,0.00277,0.00241,amc,2014000000.0,2014000000.0,2004-06-25,2023-05-17
189662,587,2004-07-22,MSFT,0.28,0.29,amc,9292000000.0,9612413793.0,2004-06-29,2023-05-17
190863,1788,2004-08-05,NVDA,0.02,0.05,bmo,456061000.0,338654250.0,2004-07-24,2023-05-17
191560,2485,2004-09-14,ORCL,0.1,0.09,bmo,2215000000.0,1968888888.0,2004-08-30,2023-05-17
196734,70,2004-10-13,AAPL,0.00452,0.00306,amc,2350000000.0,3172500000.0,2004-09-24,2023-05-17
197184,520,2004-10-21,MSFT,0.31,0.3,amc,9189000000.0,8892580645.161291,2004-09-29,2023-05-17
197213,549,2004-10-21,GOOGL,0.02,0.01608,bmo,805887000.0,604500000.0,2004-09-29,2023-05-17
198418,1754,2004-11-04,NVDA,0.02,0.0077,bmo,515591000.0,193350000.0,2004-10-23,2023-05-17
199174,2510,2004-12-13,ORCL,0.16,0.14,bmo,2756000000.0,2362285714.0,2004-11-29,2023-05-17
202828,43,2005-01-12,AAPL,0.01257,0.00874,amc,3490000000.0,2879249998.5,2004-12-24,2023-05-17
203445,660,2005-01-27,MSFT,0.35,0.33,amc,10818000000.0,10199828571.428572,2004-12-30,2023-05-17
205505,2720,2005-02-01,GOOGL,0.02,0.01674,bmo,3189223000.0,846769230.0,2004-12-30,2023-05-17
206249,3464,2005-02-17,NVDA,0.03,0.01692,bmo,566476000.0,348615384.61538464,2005-01-29,2023-05-17
207116,4331,2005-03-22,ORCL,0.16,0.15,bmo,2950000000.0,2753333333.0,2005-02-27,2023-05-17
212714,83,2005-04-13,AAPL,0.01209,0.00865,amc,3243000000.0,2675474997.75,2005-03-25,2023-05-17
213128,497,2005-04-21,GOOGL,0.03,0.02131,bmo,1256516000.0,1217377173.0,2005-03-30,2023-05-17
213772,1141,2005-04-28,MSFT,0.32,0.32,amc,9620000000.0,9620000000.0,2005-03-30,2023-05-17
214840,2209,2005-05-12,NVDA,0.06,0.02481,bmo,583846000.0,228443478.26086956,2005-04-30,2023-05-17
220165,7534,2005-06-29,ORCL,0.26,0.23,bmo,3878000000.0,3372173913.0,2005-05-30,2023-05-17
220837,51,2005-07-13,AAPL,0.01328,0.01126,amc,3520000000.0,2816000000.0,2005-06-24,2023-05-17
221168,382,2005-07-21,MSFT,0.32,0.31,amc,10161000000.0,9843468750.0,2005-06-29,2023-05-17
221297,511,2005-07-21,GOOGL,0.03,0.02673,bmo,1384495000.0,1225180327.0,2005-06-29,2023-05-17
222979,2193,2005-08-11,NVDA,0.03,0.0247,bmo,574812000.0,451628571.42857134,2005-07-30,2023-05-17
223517,2731,2005-09-22,ORCL,0.14,0.14,bmo,2768000000.0,2768000000.0,2005-08-30,2023-05-17
229095,35,2005-10-11,AAPL,0.01757,0.0172,amc,3678000000.0,5792850000.0,2005-09-23,2023-05-17
229475,415,2005-10-20,GOOGL,0.04,0.03601,bmo,1578456000.0,1392352941.0,2005-09-29,2023-05-17
230081,1021,2005-10-27,MSFT,0.31,0.3,amc,9741000000.0,9426774193.548388,2005-09-29,2023-05-17
231185,2125,2005-11-09,NVDA,0.04,0.03447,bmo,583415000.0,500057142.8571428,2005-10-29,2023-05-17
231829,2769,2005-12-15,ORCL,0.19,0.19,bmo,3292000000.0,3292000000.0,2005-11-29,2023-05-17
235778,130,2006-01-18,AAPL,0.02,0.01868,amc,5749000000.0,5749000000.0,2005-12-30,2023-05-17
236216,568,2006-01-26,MSFT,0.33,0.33,amc,11837000000.0,11837000000.0,2005-12-30,2023-05-17
238555,2907,2006-01-31,GOOGL,0.04,0.04576,bmo,6138560000.0,2158875000.0,2005-12-30,2023-05-17
239312,3664,2006-02-16,NVDA,0.04,0.03692,bmo,633614000.0,563200000.0,2006-01-28,2023-05-17
240348,4700,2006-03-20,ORCL,0.19,0.18,bmo,3470000000.0,3277222222.0,2006-02-27,2023-05-17
246586,238,2006-04-19,AAPL,0.02,0.01848,amc,4359000000.0,3736285714.2857137,2006-03-31,2023-05-17
246690,342,2006-04-20,GOOGL,0.06,0.05,bmo,2253755000.0,1889717171.0,2006-03-30,2023-05-17
247364,1016,2006-04-27,MSFT,0.32,0.33,amc,10900000000.0,11240625000.0,2006-03-30,2023-05-17
248650,2302,2006-05-11,NVDA,0.05,0.05,bmo,681807000.0,681800000.0,2006-04-29,2023-05-17
249250,2902,2006-06-22,ORCL,0.29,0.28,bmo,4851000000.0,4682758620.689656,2006-05-30,2023-05-17
255403,265,2006-07-20,MSFT,0.31,0.3,amc,11804000000.0,11423225806.451612,2006-06-29,2023-05-17
255460,322,2006-07-20,GOOGL,0.06,0.06,bmo,2455991000.0,2146234234.0,2006-06-29,2023-05-17
258090,2952,2006-09-19,ORCL,0.18,0.16,bmo,3591000000.0,3192000000.0,2006-08-30,2023-05-17
264280,184,2006-10-18,AAPL,0.02,0.01632,amc,4837000000.0,7307325000.0,2006-09-29,2023-05-17
264330,234,2006-10-19,GOOGL,0.07,0.06,bmo,2689673000.0,2467685950.0,2006-09-29,2023-05-17
265025,929,2006-10-26,MSFT,0.35,0.31,amc,10811000000.0,9575457142.857143,2006-09-29,2023-05-17
266315,2219,2006-11-09,NVDA,0.07,0.06,bmo,820572000.0,820600000.0,2006-10-28,2023-05-17
267109,3013,2006-12-18,ORCL,0.22,0.22,bmo,4163000000.0,4163000000.0,2006-11-29,2023-05-17
271135,85,2007-01-17,AAPL,0.04,0.02752,amc,7115000000.0,4897062500.0,2006-12-29,2023-05-17
271481,431,2007-01-25,MSFT,0.26,0.23,amc,12542000000.0,11094846153.846151,2006-12-30,2023-05-17
274120,3070,2007-01-31,GOOGL,0.08,0.07,bmo,10604917000.0,2919623287.0,2006-12-30,2023-05-17
274791,3741,2007-02-13,NVDA,0.09,0.07,bmo,878873000.0,703120000.0000001,2007-01-27,2023-05-17
276213,5163,2007-03-20,ORCL,0.25,0.23,bmo,4414000000.0,4060880000.0,2007-02-27,2023-05-17
283320,238,2007-04-19,GOOGL,0.09,0.08,bmo,3663971000.0,3242084848.0,2007-03-30,2023-05-17
283670,588,2007-04-25,AAPL,0.03,0.02207,amc,5264000000.0,3948000000.0,2007-03-30,2023-05-17
284005,923,2007-04-26,MSFT,0.49,0.46,amc,14398000000.0,13516489795.918367,2007-03-30,2023-05-17
285406,2324,2007-05-10,NVDA,0.07,0.06,bmo,844280000.0,783992857.1428571,2007-04-29,2023-05-17
286298,3216,2007-06-26,ORCL,0.37,0.35,bmo,5829000000.0,5512972972.972973,2007-05-30,2023-05-17
293282,260,2007-07-19,MSFT,0.39,0.39,amc,13371000000.0,13371000000.0,2007-06-29,2023-05-17
293299,277,2007-07-19,GOOGL,0.09,0.09,bmo,3871985000.0,3915022222.0,2007-06-29,2023-05-17
293722,700,2007-07-25,AAPL,0.03,0.02361,amc,5410000000.0,4161538461.5384617,2007-06-29,2023-05-17
295400,2378,2007-08-09,NVDA,0.09,0.07,bmo,935253000.0,770247058.8235294,2007-07-30,2023-05-17
296284,3262,2007-09-20,ORCL,0.22,0.21,bmo,4529000000.0,4323136363.636363,2007-08-30,2023-05-17
303318,225,2007-10-18,GOOGL,0.1,0.09,bmo,4231351000.0,4074296296.0,2007-09-29,2023-05-17
303465,372,2007-10-22,AAPL,0.04,0.03393,amc,6217000000.0,5662285714.285713,2007-09-28,2023-05-17
303909,816,2007-10-25,MSFT,0.45,0.39,amc,13762000000.0,11927066666.666668,2007-09-29,2023-05-17
305370,2277,2007-11-08,NVDA,0.11,0.09,bmo,1115597000.0,938115659.090909,2007-10-30,2023-05-17
306500,3407,2007-12-19,ORCL,0.31,0.27,bmo,5313000000.0,4627451612.903227,2007-11-29,2023-05-17
310942,206,2008-01-22,AAPL,0.06,0.06,amc,9608000000.0,9595600000.0,2007-12-28,2023-05-17
311089,353,2008-01-24,MSFT,0.5,0.46,amc,16367000000.0,15057640000.0,2007-12-30,2023-05-17
314106,3370,2008-01-31,GOOGL,0.11,0.11,bmo,16593986000.0,4827000000.0,2007-12-30,2023-05-17
314699,3963,2008-02-13,NVDA,0.12,0.12,bmo,1202730000.0,1151550000.0,2008-01-30,2023-05-17
316427,5691,2008-03-26,ORCL,0.3,0.3,bmo,5349000000.0,5349000000.0,2008-02-28,2023-05-17
323801,225,2008-04-17,GOOGL,0.12,0.11,bmo,5186043000.0,4818849557.0,2008-03-30,2023-05-17
324120,544,2008-04-23,AAPL,0.04,0.037,amc,7512000000.0,7041176470.588234,2008-03-28,2023-05-17
324273,697,2008-04-24,MSFT,0.47,0.44,amc,14454000000.0,13531404255.319147,2008-03-30,2023-05-17
326013,2437,2008-05-08,NVDA,0.09,0.1,bmo,1153388000.0,1217477777.777778,2008-04-29,2023-05-17
327157,3581,2008-06-25,ORCL,0.47,0.44,bmo,7239000000.0,6776936170.212766,2008-05-30,2023-05-17
334504,174,2008-07-17,GOOGL,0.12,0.12,bmo,5367212000.0,5480227848.0,2008-06-29,2023-05-17
334564,234,2008-07-17,MSFT,0.46,0.47,amc,15837000000.0,16181282608.69565,2008-06-29,2023-05-17
334591,261,2008-07-21,AAPL,0.04,0.03624,amc,7464000000.0,6671470588.235293,2008-06-27,2023-05-17
337074,2744,2008-08-12,NVDA,0.03,0.02658,bmo,892676000.0,824008615.3846153,2008-07-30,2023-05-17
337881,3551,2008-09-18,ORCL,0.29,0.27,bmo,5331000000.0,4963344827.586207,2008-08-30,2023-05-17
346575,127,2008-10-16,GOOGL,0.12,0.12,bmo,5541391000.0,5330582278.0,2008-09-29,2023-05-17
346757,309,2008-10-21,AAPL,0.05,0.04413,amc,7895000000.0,10240000000.0,2008-09-26,2023-05-17
346960,512,2008-10-23,MSFT,0.48,0.47,amc,15061000000.0,14747229166.666666,2008-09-29,2023-05-17
348845,2397,2008-11-06,NVDA,0.05,0.02955,bmo,897655000.0,740565373.5,2008-10-30,2023-05-17
350050,3602,2008-12-18,ORCL,0.34,0.34,bmo,5607000000.0,5607000000.0,2008-11-29,2023-05-17
356222,166,2009-01-21,AAPL,0.06,0.05,amc,10167000000.0,9504000000.0,2008-12-26,2023-05-17
356268,212,2009-01-22,GOOGL,0.13,0.12,bmo,21795550000.0,5540084677.0,2008-12-30,2023-05-17
356289,233,2009-01-22,MSFT,0.47,0.49,amc,16629000000.0,17336617021.276596,2008-12-30,2023-05-17
360084,4028,2009-02-10,NVDA,-0.04,-0.01972,bmo,481140000.0,240550000.0,2009-01-30,2023-05-17
362003,5947,2009-03-18,ORCL,0.35,0.32,bmo,5453000000.0,4985600000.0,2009-02-27,2023-05-17
372627,172,2009-04-16,GOOGL,0.13,0.12,bmo,5508990000.0,5240268292.0,2009-03-30,2023-05-17
372914,459,2009-04-22,AAPL,0.05,0.04097,amc,8163000000.0,7649684210.526316,2009-03-27,2023-05-17
373034,579,2009-04-23,MSFT,0.39,0.39,amc,13648000000.0,13648000000.0,2009-03-30,2023-05-17
374926,2471,2009-05-07,NVDA,-0.02,-0.01734,amc,664231000.0,811800000.0000001,2009-04-25,2023-05-17
376336,3881,2009-06-23,ORCL,0.46,0.44,amc,6861000000.0,6562695652.173912,2009-05-30,2023-05-17
386687,156,2009-07-16,GOOGL,0.13,0.13,bmo,5522897000.0,5218582677.0,2009-06-29,2023-05-17
386771,240,2009-07-21,AAPL,0.05,0.04347,amc,8337000000.0,8709368421.052631,2009-06-26,2023-05-17
386975,444,2009-07-23,MSFT,0.36,0.36,amc,13099000000.0,13099000000.0,2009-06-29,2023-05-17
388989,2458,2009-08-06,NVDA,0.02,0.00393,amc,776520000.0,221857142.85714293,2009-07-25,2023-05-17
390466,3935,2009-09-16,ORCL,0.3,0.3,amc,5054000000.0,5054000000.0,2009-08-30,2023-05-17
401054,121,2009-10-15,GOOGL,0.15,0.14,bmo,5944851000.0,5418505535.0,2009-09-29,2023-05-17
401086,153,2009-10-19,AAPL,0.07,0.05,amc,9870000000.0,9390000000.0,2009-09-25,2023-05-17
401543,610,2009-10-23,MSFT,0.4,0.32,bmo,12920000000.0,10336000000.0,2009-09-29,2023-05-17
403420,2487,2009-11-05,NVDA,0.05,0.02695,amc,903206000.0,754454250.0,2009-10-24,2023-05-17
404887,3954,2009-12-17,ORCL,0.39,0.36,amc,5858000000.0,5407384615.384615,2009-11-29,2023-05-17
412599,192,2010-01-21,GOOGL,0.17,0.16,bmo,23650563000.0,6344419753.0,2009-12-30,2023-05-17
412666,259,2010-01-25,AAPL,0.13,0.07,amc,15683000000.0,15526169997.75,2009-12-25,2023-05-17
412939,532,2010-01-28,MSFT,0.74,0.59,amc,19022000000.0,15166189189.189188,2009-12-30,2023-05-17
417018,4611,2010-02-17,NVDA,0.06,0.05,amc,982488000.0,854347826.0869565,2010-01-30,2023-05-17
418933,6526,2010-03-25,ORCL,0.38,0.37,amc,6404000000.0,6235473684.210526,2010-02-27,2023-05-17
430739,141,2010-04-15,GOOGL,0.17,0.16,bmo,6775000000.0,6610757575.0,2010-03-30,2023-05-17
430826,228,2010-04-20,AAPL,0.12,0.09,amc,13499000000.0,9843020833.333332,2010-03-26,2023-05-17
431105,507,2010-04-22,MSFT,0.45,0.42,amc,14503000000.0,13536133333.333332,2010-03-30,2023-05-17
433715,3117,2010-05-13,NVDA,0.06,0.05,amc,1001813000.0,914686956.5217392,2010-05-01,2023-05-17
434744,4146,2010-06-24,ORCL,0.6,0.54,amc,9505000000.0,8554500000.000001,2010-05-30,2023-05-17
446390,100,2010-07-15,GOOGL,0.16,0.16,bmo,6820000000.0,6882760736.0,2010-06-29,2023-05-17
446465,175,2010-07-20,AAPL,0.13,0.11,amc,15700000000.0,13816000000.0,2010-06-25,2023-05-17
446806,516,2010-07-22,MSFT,0.51,0.46,amc,16039000000.0,14466549019.607843,2010-06-29,2023-05-17
449488,3198,2010-08-12,NVDA,-0.06153,-0.03577,amc,811208000.0,2974400000.0000005,2010-07-31,2023-05-17
450507,4217,2010-09-16,ORCL,0.42,0.37,amc,7502000000.0,6608904761.904761,2010-08-30,2023-05-17
462413,76,2010-10-14,GOOGL,0.19,0.17,bmo,7286000000.0,6263785074.0,2010-09-29,2023-05-17
462451,114,2010-10-18,AAPL,0.17,0.15,amc,20343000000.0,17877181818.181816,2010-09-24,2023-05-17
463331,994,2010-10-28,MSFT,0.62,0.55,amc,16195000000.0,14366532258.064518,2010-09-29,2023-05-17
465217,2880,2010-11-09,TSLA,-0.02,-0.01748,amc,31241000.0,36259459.45945946,2010-09-29,2023-05-17
465484,3147,2010-11-11,NVDA,0.04,0.03773,amc,843912000.0,787640000.0000001,2010-10-30,2023-05-17
466608,4271,2010-12-16,ORCL,0.51,0.46,amc,8582000000.0,7740627450.980392,2010-11-29,2023-05-17
475616,91,2011-01-18,AAPL,0.23,0.19,amc,26741000000.0,22381054347.826084,2010-12-24,2023-05-17
475718,193,2011-01-20,GOOGL,0.22,0.2,bmo,8440000000.0,7752296296.0,2010-12-30,2023-05-17
476140,615,2011-01-27,MSFT,0.77,0.68,amc,19953000000.0,17620831168.83117,2010-12-30,2023-05-17
480218,4693,2011-02-15,TSLA,-0.03,-0.0284,amc,36286000.0,38617021.27659574,2010-12-30,2023-05-17
480278,4753,2011-02-16,NVDA,0.06,0.04128,amc,886376000.0,616626086.9565217,2011-01-29,2023-05-17
482255,6730,2011-03-24,ORCL,0.54,0.5,amc,8764000000.0,8114814814.814814,2011-02-27,2023-05-17
494697,125,2011-04-14,GOOGL,0.2,0.2,bmo,8575000000.0,8596172839.0,2011-03-30,2023-05-17
494919,347,2011-04-20,AAPL,0.23,0.19,amc,24667000000.0,20872076923.076923,2011-03-25,2023-05-17
495741,1169,2011-04-28,MSFT,0.61,0.56,amc,16428000000.0,15081442622.95082,2011-03-30,2023-05-17
496745,2173,2011-05-04,TSLA,-0.03,-0.02619,amc,49030000.0,56795454.54545455,2011-03-30,2023-05-17
497679,3107,2011-05-12,NVDA,0.06,0.05,amc,962039000.0,830818181.8181819,2011-04-30,2023-05-17
498895,4323,2011-06-23,ORCL,0.75,0.71,amc,10775000000.0,10200333333.333334,2011-05-30,2023-05-17
511275,85,2011-07-14,GOOGL,0.22,0.2,bmo,9026000000.0,8015455470.0,2011-06-29,2023-05-17
511322,132,2011-07-19,AAPL,0.28,0.21,amc,28571000000.0,21363900900.900894,2011-06-24,2023-05-17
511576,386,2011-07-21,MSFT,0.69,0.58,amc,17367000000.0,14598347826.086956,2011-06-29,2023-05-17
513301,2111,2011-08-03,TSLA,-0.04,-0.03816,amc,58171000.0,56003773.58490566,2011-06-29,2023-05-17
514413,3223,2011-08-11,NVDA,0.06,0.06,amc,1016517000.0,1016500000.0,2011-07-30,2023-05-17
515547,4357,2011-09-20,ORCL,0.48,0.46,amc,8374000000.0,8025083333.333334,2011-08-30,2023-05-17
528263,44,2011-10-13,GOOGL,0.24,0.22,bmo,9720000000.0,8630114416.0,2011-09-29,2023-05-17
528351,132,2011-10-18,AAPL,0.25,0.26,amc,28270000000.0,29669504950.49505,2011-09-23,2023-05-17
528509,290,2011-10-20,MSFT,0.68,0.68,amc,17372000000.0,17372000000.0,2011-09-29,2023-05-17
530206,1987,2011-11-02,TSLA,-0.04,-0.0376,amc,57666000.0,61896363.636363626,2011-09-29,2023-05-17
531397,3178,2011-11-10,NVDA,0.07,0.06,amc,1066180000.0,955903448.2758622,2011-10-29,2023-05-17
532638,4419,2011-12-20,ORCL,0.54,0.57,amc,8792000000.0,9280444444.444445,2011-11-29,2023-05-17
542613,139,2012-01-19,GOOGL,0.24,0.26,bmo,37905000000.0,11592000000.0,2011-12-30,2023-05-17
542641,167,2012-01-19,MSFT,0.78,0.76,amc,20885000000.0,20349487179.48718,2011-12-30,2023-05-17
542708,234,2012-01-24,AAPL,0.5,0.36,amc,46333000000.0,33930732323.23232,2011-12-30,2023-05-17
547404,4930,2012-02-15,NVDA,0.05,0.05,amc,953194000.0,953200000.0,2012-01-28,2023-05-17
547482,5008,2012-02-15,TSLA,-0.05,-0.04533,amc,39375000.0,35973913.043478265,2011-12-30,2023-05-17
549582,7108,2012-03-20,ORCL,0.62,0.56,amc,9039000000.0,8164258064.5161295,2012-02-28,2023-05-17
563382,47,2012-04-12,GOOGL,0.25,0.24,bmo,10645000000.0,10182173913.0,2012-03-30,2023-05-17
563599,264,2012-04-19,MSFT,0.6,0.57,amc,17407000000.0,16536650000.0,2012-03-30,2023-05-17
563852,517,2012-04-24,AAPL,0.44,0.36,amc,39186000000.0,31838625000.0,2012-03-30,2023-05-17
566303,2968,2012-05-09,TSLA,-0.05,-0.05,amc,30167000.0,27418421.052631576,2012-03-30,2023-05-17
566671,3336,2012-05-11,NVDA,0.03,0.02866,bmo,924877000.0,924900000.0,2012-04-28,2023-05-17
567837,4502,2012-06-18,ORCL,0.82,0.78,amc,10916000000.0,10383512195.121952,2012-05-30,2023-05-17
581965,228,2012-07-19,GOOGL,0.25,0.25,bmo,12214000000.0,11712920318.0,2012-06-29,2023-05-17
581966,229,2012-07-19,MSFT,0.67,0.62,amc,18059000000.0,16711313432.83582,2012-06-29,2023-05-17
582212,475,2012-07-24,AAPL,0.33,0.37,amc,35023000000.0,38972962406.01504,2012-06-29,2023-05-17
582376,639,2012-07-25,TSLA,-0.06,-0.06,amc,26653000.0,27600000.000000004,2012-06-29,2023-05-17
584880,3143,2012-08-09,NVDA,0.06,0.03859,amc,1044270000.0,664554545.4545456,2012-07-28,2023-05-17
586361,4624,2012-09-20,ORCL,0.53,0.53,amc,8181000000.0,8181000000.0,2012-08-30,2023-05-17
600347,337,2012-10-18,GOOGL,0.23,0.27,bmo,14101000000.0,15350769230.0,2012-09-29,2023-05-17
600353,343,2012-10-18,MSFT,0.53,0.56,amc,16008000000.0,16914113207.547169,2012-09-29,2023-05-17
601075,1065,2012-10-25,AAPL,0.31,0.31,amc,35966000000.0,36256048387.09677,2012-09-28,2023-05-17
602609,2599,2012-11-05,TSLA,-0.06,-0.06,bmo,50104000.0,49010869.56521739,2012-09-29,2023-05-17
603216,3206,2012-11-08,NVDA,0.08,0.07,amc,1204110000.0,1094636363.6363635,2012-10-27,2023-05-17
605228,5218,2012-12-18,ORCL,0.64,0.61,amc,9094000000.0,8667718750.0,2012-11-29,2023-05-17
616186,230,2013-01-22,GOOGL,0.26,0.26,bmo,13215000000.0,14169919385.0,2012-12-30,2023-05-17
616301,345,2013-01-23,AAPL,0.49,0.48,amc,54512000000.0,53128446700.50761,2012-12-28,2023-05-17
616385,429,2013-01-24,MSFT,0.76,0.75,amc,21456000000.0,21173684210.526318,2012-12-30,2023-05-17
621348,5392,2013-02-13,NVDA,0.07,0.06,amc,1106902000.0,948771428.5714284,2013-01-26,2023-05-17
621845,5889,2013-02-20,TSLA,-0.04,-0.03243,amc,306332000.0,249752307.69230768,2012-12-30,2023-05-17
623894,7938,2013-03-20,ORCL,0.65,0.66,amc,8958000000.0,9095815384.615383,2013-02-27,2023-05-17
638542,302,2013-04-18,MSFT,0.72,0.68,amc,20489000000.0,19350722222.222225,2013-03-30,2023-05-17
638547,307,2013-04-18,GOOGL,0.29,0.27,bmo,13969000000.0,11833277673.0,2013-03-30,2023-05-17
638877,637,2013-04-23,AAPL,0.36,0.36,amc,43603000000.0,43300201388.88889,2013-03-29,2023-05-17
641522,3282,2013-05-08,TSLA,0.01,0.00369,amc,561792000.0,187266666.6666667,2013-03-30,2023-05-17
641802,3562,2013-05-09,NVDA,0.03,0.02244,amc,954739000.0,734384615.3846154,2013-04-27,2023-05-17
643726,5486,2013-06-20,ORCL,0.87,0.87,amc,10947000000.0,10947000000.0,2013-05-30,2023-05-17
657824,241,2013-07-18,GOOGL,0.24,0.27,bmo,14105000000.0,14590352504.0,2013-06-29,2023-05-17
657858,275,2013-07-18,MSFT,0.66,0.75,amc,19896000000.0,22609090909.090908,2013-06-29,2023-05-17
658160,577,2013-07-23,AAPL,0.27,0.26,amc,35323000000.0,34662757009.345795,2013-06-28,2023-05-17
660847,3264,2013-08-07,TSLA,-0.0172,-0.00541,amc,405139000.0,344334999.99999994,2013-06-29,2023-05-17
661171,3588,2013-08-08,NVDA,0.04,0.03216,amc,977238000.0,793975000.0,2013-07-27,2023-05-17
663081,5498,2013-09-18,ORCL,0.59,0.56,amc,8372000000.0,7946305084.745764,2013-08-30,2023-05-17
677331,225,2013-10-17,GOOGL,0.27,0.26,bmo,14893000000.0,13221930367.0,2013-09-29,2023-05-17
677966,860,2013-10-24,MSFT,0.62,0.54,amc,18529000000.0,16138161290.322582,2013-09-29,2023-05-17
678317,1211,2013-10-28,AAPL,0.3,0.28,amc,37472000000.0,36201762711.8644,2013-09-27,2023-05-17
679895,2789,2013-11-05,TSLA,0.01,0.0091,amc,431346000.0,395358333.3333334,2013-09-29,2023-05-17
680513,3407,2013-11-07,NVDA,0.05,0.05,amc,1053967000.0,1054000000.0,2013-10-26,2023-05-17
682746,5640,2013-12-18,ORCL,0.69,0.67,amc,9275000000.0,9007130434.78261,2013-11-29,2023-05-17
694023,369,2014-01-23,MSFT,0.78,0.68,amc,24519000000.0,21375538461.538464,2013-12-30,2023-05-17
694138,484,2014-01-27,AAPL,0.52,0.5,amc,57594000000.0,55924608695.652176,2013-12-27,2023-05-17
696009,2355,2014-01-30,GOOGL,0.3,0.31,bmo,16858000000.0,15938742622.0,2013-12-30,2023-05-17
699206,5552,2014-02-12,NVDA,0.06,0.05,amc,1144218000.0,858150000.0,2014-01-25,2023-05-17
699749,6095,2014-02-19,TSLA,0.02,0.01254,amc,615219000.0,391490909.090909,2013-12-30,2023-05-17
702163,8509,2014-03-18,ORCL,0.68,0.7,amc,9307000000.0,9581764705.882353,2014-02-27,2023-05-17
717227,221,2014-04-16,GOOGL,0.31,0.32,amc,15420000000.0,15756786271.0,2014-03-30,2023-05-17
717731,725,2014-04-23,AAPL,0.42,0.36,amc,45646000000.0,40146481927.710846,2014-03-28,2023-05-17
717762,756,2014-04-24,MSFT,0.68,0.63,amc,20403000000.0,18902779411.764706,2014-03-30,2023-05-17
720109,3103,2014-05-06,NVDA,0.05,0.04105,amc,1102787000.0,892742857.1428573,2014-04-26,2023-05-17
720281,3275,2014-05-07,TSLA,0.01,0.00416,amc,620542000.0,517083333.3333334,2014-03-30,2023-05-17
723191,6185,2014-06-19,ORCL,0.92,0.95,amc,11320000000.0,11689130434.782608,2014-05-30,2023-05-17
736060,327,2014-07-17,GOOGL,0.3,0.31,amc,15955000000.0,16364102564.0,2014-06-29,2023-05-17
736409,676,2014-07-22,MSFT,0.55,0.6,amc,23382000000.0,25507636363.63636,2014-06-29,2023-05-17
736412,679,2014-07-22,AAPL,0.32,0.31,amc,37432000000.0,35969812500.0,2014-06-27,2023-05-17
738356,2623,2014-07-31,TSLA,0.01,0.00238,amc,769349000.0,279745454.54545444,2014-06-29,2023-05-17
740050,4317,2014-08-07,NVDA,0.06,0.05,amc,1102824000.0,1002727272.7272727,2014-07-26,2023-05-17
744882,9149,2014-09-18,ORCL,0.62,0.64,amc,8596000000.0,8873290322.580645,2014-08-30,2023-05-17
755043,577,2014-10-16,GOOGL,0.32,0.33,amc,16523000000.0,16978457886.0,2014-09-29,2023-05-17
755388,922,2014-10-20,AAPL,0.36,0.33,amc,42123000000.0,38859950704.22536,2014-09-26,2023-05-17
756496,2030,2014-10-23,MSFT,0.54,0.49,amc,23201000000.0,21052759259.25926,2014-09-29,2023-05-17
762471,8005,2014-11-05,TSLA,-0.03987,-0.02009,amc,851804000.0,425900000.0,2014-09-29,2023-05-17
763175,8709,2014-11-06,NVDA,0.08,0.07,amc,1225382000.0,1106812903.2258065,2014-10-25,2023-05-17
768951,14485,2014-12-17,ORCL,0.69,0.68,amc,9598000000.0,9457913043.478262,2014-11-29,2023-05-17
776514,915,2015-01-26,MSFT,0.75,0.71,amc,26470000000.0,26470000000.0,2014-12-30,2023-05-17
776678,1079,2015-01-27,AAPL,0.77,0.65,amc,74599000000.0,63384771241.83006,2014-12-26,2023-05-17
777318,1719,2015-01-29,GOOGL,0.34,0.36,amc,18103000000.0,18688610407.0,2014-12-30,2023-05-17
784738,9139,2015-02-11,NVDA,0.09,0.07,amc,1250514000.0,1000400000.0000002,2015-01-24,2023-05-17
784817,9218,2015-02-11,TSLA,-0.01,-0.00416,amc,956661000.0,2281361538.4615383,2014-12-30,2023-05-17
791075,15476,2015-03-17,ORCL,0.68,0.68,amc,9327000000.0,9327000000.0,2015-02-27,2023-05-17
803893,1970,2015-04-23,MSFT,0.61,0.51,amc,21729000000.0,18166868852.45902,2015-03-30,2023-05-17
803936,2013,2015-04-23,GOOGL,0.33,0.33,amc,17258000000.0,17336445454.0,2015-03-30,2023-05-17
805230,3307,2015-04-27,AAPL,0.58,0.54,amc,58010000000.0,53777510729.61374,2015-03-27,2023-05-17
809540,7617,2015-05-06,TSLA,-0.36,-0.5,amc,939880000.0,1305416666.6666665,2015-03-30,2023-05-17
810209,8286,2015-05-07,NVDA,0.06,0.06,amc,1151000000.0,1246916666.6666667,2015-04-25,2023-05-17
817155,15232,2015-06-17,ORCL,0.78,0.86,amc,10706000000.0,11804051282.05128,2015-05-30,2023-05-17
826871,596,2015-07-16,GOOGL,0.35,0.33,amc,17727000000.0,16959711940.0,2015-06-29,2023-05-17
826951,676,2015-07-16,GOOG,0.35,0.34,amc,17727000000.0,17069470326.0,2015-06-29,2023-05-17
827413,1138,2015-07-21,AAPL,0.46,0.45,amc,49605000000.0,48532459459.45946,2015-06-26,2023-05-17
827447,1172,2015-07-21,MSFT,0.6,0.56,amc,22180000000.0,20701333333.333336,2015-06-29,2023-05-17
832876,6601,2015-08-05,TSLA,-0.03,-0.00167,amc,954976000.0,1193750000.0,2015-06-29,2023-05-17
834061,7786,2015-08-06,NVDA,0.04,0.02382,amc,1153000000.0,2306000000.0,2015-07-25,2023-05-17
841758,15483,2015-09-16,ORCL,0.53,0.52,amc,8448000000.0,8288603773.584906,2015-08-30,2023-05-17
852502,1538,2015-10-22,GOOGL,0.37,0.36,amc,18675000000.0,18312378640.0,2015-09-29,2023-05-17
852588,1624,2015-10-22,MSFT,0.67,0.59,amc,20379000000.0,17945686567.164177,2015-09-29,2023-05-17
852589,1625,2015-10-22,GOOG,0.37,0.36,amc,18675000000.0,18312378640.0,2015-09-29,2023-05-17
854216,3252,2015-10-27,AAPL,0.49,0.47,amc,51501000000.0,49398918367.34694,2015-09-25,2023-05-17
858484,7520,2015-11-03,TSLA,-0.04,-0.03934,amc,936789000.0,791434482.7586207,2015-09-29,2023-05-17
860407,9443,2015-11-05,NVDA,0.11,0.06,amc,1305000000.0,1162755000.0,2015-10-24,2023-05-17
866573,15609,2015-12-16,ORCL,0.63,0.6,amc,8993000000.0,8564761904.761905,2015-11-29,2023-05-17
874221,1068,2016-01-26,AAPL,0.82,0.81,amc,75872000000.0,74715414634.14635,2015-12-25,2023-05-17
875029,1876,2016-01-28,MSFT,0.78,0.71,amc,23796000000.0,21660461538.461536,2015-12-30,2023-05-17
879557,6404,2016-02-01,GOOG,0.43,0.4,amc,21329000000.0,19926747404.84429,2015-12-30,2023-05-17
879576,6423,2016-02-01,GOOGL,0.43,0.41,amc,21329000000.0,19951348327.56632,2015-12-30,2023-05-17
882670,9517,2016-02-10,TSLA,-0.87,0.1,amc,1214380000.0,139586206.89655182,2015-12-30,2023-05-17
883969,10816,2016-02-17,NVDA,0.09,0.08,amc,1401000000.0,1280914285.714286,2016-01-30,2023-05-17
889749,16596,2016-03-15,ORCL,0.64,0.62,amc,9012000000.0,8730375000.0,2016-02-28,2023-05-17
902596,1605,2016-04-21,MSFT,0.62,0.64,amc,20531000000.0,21193290322.580643,2016-03-30,2023-05-17
902705,1714,2016-04-21,GOOG,0.38,0.4,amc,20257000000.0,21499429333.33333,2016-03-30,2023-05-17
902722,1731,2016-04-21,GOOGL,0.38,0.4,amc,20257000000.0,21526438666.666668,2016-03-30,2023-05-17
903919,2928,2016-04-26,AAPL,0.48,0.5,amc,50557000000.0,53217894736.84212,2016-03-25,2023-05-17
908495,7504,2016-05-04,TSLA,-0.04,-0.05,amc,1147048000.0,458800000.0,2016-03-30,2023-05-17
913358,12367,2016-05-12,NVDA,0.08,0.08,amc,1305000000.0,1265454545.4545455,2016-04-30,2023-05-17
917367,16376,2016-06-16,ORCL,0.81,0.81,amc,10594000000.0,10724790123.456787,2016-05-30,2023-05-17
926961,732,2016-07-19,MSFT,0.69,0.58,amc,20614000000.0,17327710144.927536,2016-06-29,2023-05-17
928234,2005,2016-07-26,AAPL,0.36,0.35,amc,42358000000.0,41164816901.40845,2016-06-24,2023-05-17
929624,3395,2016-07-28,GOOG,0.42,0.4,amc,21500000000.0,20504156769.5962,2016-06-29,2023-05-17
930086,3857,2016-07-28,GOOGL,0.42,0.4,amc,21500000000.0,20529691211.40142,2016-06-29,2023-05-17
932353,6124,2016-08-03,TSLA,-0.07,-0.03962,amc,1270017000.0,402298136.64596266,2016-06-29,2023-05-17
937276,11047,2016-08-11,NVDA,0.1,0.09,amc,1428000000.0,1320900000.0,2016-07-30,2023-05-17
943520,17291,2016-09-15,ORCL,0.55,0.58,amc,8595000000.0,9063818181.81818,2016-08-30,2023-05-17
950308,1088,2016-10-20,MSFT,0.76,0.68,amc,20453000000.0,18300052631.57895,2016-09-29,2023-05-17
951626,2406,2016-10-25,AAPL,0.42,0.41,amc,46852000000.0,46571449101.7964,2016-09-23,2023-05-17
952039,2819,2016-10-26,TSLA,0.14,-0.08,amc,2298436000.0,1748078873.2394369,2016-09-29,2023-05-17
953630,4410,2016-10-27,GOOG,0.45,0.43,amc,22451000000.0,21410225165.562912,2016-09-29,2023-05-17
954033,4813,2016-10-27,GOOGL,0.45,0.43,amc,22451000000.0,21385444812.362038,2016-09-29,2023-05-17
962374,13154,2016-11-10,NVDA,0.21,0.14,amc,2004000000.0,1376240963.8554218,2016-10-29,2023-05-17
966917,17697,2016-12-15,ORCL,0.61,0.6,amc,9035000000.0,8886885245.90164,2016-11-29,2023-05-17
974360,1403,2017-01-26,GOOG,0.47,0.48,amc,26064000000.0,26927230769.23077,2016-12-30,2023-05-17
974572,1615,2017-01-26,MSFT,0.84,0.79,amc,24090000000.0,22929036144.57832,2016-12-30,2023-05-17
974601,1644,2017-01-26,GOOGL,0.47,0.48,amc,26064000000.0,26871538461.538464,2016-12-30,2023-05-17
979250,6293,2017-01-31,AAPL,0.84,0.8,amc,78351000000.0,74853187500.0,2016-12-30,2023-05-17
982035,9078,2017-02-09,NVDA,0.25,0.21,amc,2173000000.0,1821808080.808081,2017-01-28,2023-05-17
985901,12944,2017-02-22,TSLA,-0.14,-0.21,amc,2284631000.0,1423736231.8840582,2016-12-30,2023-05-17
990919,17962,2017-03-15,ORCL,0.69,0.62,amc,9205000000.0,8271159420.289856,2017-02-27,2023-05-17
1006351,4421,2017-04-27,MSFT,0.73,0.7,amc,22090000000.0,21182191780.82192,2017-03-30,2023-05-17
1006518,4588,2017-04-27,GOOGL,0.39,0.37,amc,24750000000.0,23661384217.335056,2017-03-30,2023-05-17
1007179,5249,2017-04-27,GOOG,0.39,0.37,amc,24750000000.0,23661384217.335056,2017-03-30,2023-05-17
1009546,7616,2017-05-02,AAPL,0.53,0.5,amc,52896000000.0,50880914285.71428,2017-03-31,2023-05-17
1009791,7861,2017-05-03,TSLA,-0.09,-0.09,amc,2696270000.0,2389194805.5,2017-03-30,2023-05-17
1012736,10806,2017-05-09,NVDA,0.2,0.16,amc,1937000000.0,1618253164.556962,2017-04-29,2023-05-17
1020486,18556,2017-06-21,ORCL,0.89,0.78,amc,10893000000.0,9546674157.303371,2017-05-30,2023-05-17
1029965,1062,2017-07-20,MSFT,0.98,0.71,amc,23317000000.0,16892928571.428572,2017-06-29,2023-05-17
1030498,1595,2017-07-24,GOOGL,0.25,0.22,amc,26010000000.0,23310359281.437126,2017-06-29,2023-05-17
1030561,1658,2017-07-24,GOOG,0.25,0.22,amc,26010000000.0,23206526946.107784,2017-06-29,2023-05-17
1034587,5684,2017-08-01,AAPL,0.42,0.39,amc,45408000000.0,42688958083.83234,2017-06-30,2023-05-17
1035288,6385,2017-08-02,TSLA,-0.09,-0.12,amc,2789557000.0,3817347368.421053,2017-06-29,2023-05-17
1040188,11285,2017-08-10,NVDA,0.23,0.17,amc,2230000000.0,1696739130.4347825,2017-07-29,2023-05-17
1047576,18673,2017-09-14,ORCL,0.62,0.6,amc,9187000000.0,8810322580.64516,2017-08-30,2023-05-17
1056696,3489,2017-10-26,MSFT,0.84,0.72,amc,24538000000.0,21032571428.57143,2017-09-29,2023-05-17
1056960,3753,2017-10-26,GOOGL,0.48,0.42,amc,27772000000.0,24173538140.020897,2017-09-29,2023-05-17
1057212,4005,2017-10-26,GOOG,0.48,0.42,amc,27772000000.0,24173538140.020897,2017-09-29,2023-05-17
1061108,7901,2017-11-01,TSLA,-0.19,-0.15,amc,2984675000.0,2248746575.3424664,2017-09-29,2023-05-17
1061953,8746,2017-11-02,AAPL,0.52,0.47,amc,52579000000.0,47498903381.64252,2017-09-29,2023-05-17
1066400,13193,2017-11-09,NVDA,0.33,0.24,amc,2636000000.0,1863037593.984962,2017-10-28,2023-05-17
1072024,18817,2017-12-14,ORCL,0.7,0.68,amc,9621000000.0,9315028571.428572,2017-11-29,2023-05-17
1084117,6091,2018-01-31,MSFT,0.96,0.86,amc,28918000000.0,26206937500.0,2017-12-30,2023-05-17
1084913,6887,2018-02-01,AAPL,0.97,0.96,amc,88293000000.0,87612077120.82262,2017-12-29,2023-05-17
1085127,7101,2018-02-01,GOOG,0.49,0.5,amc,32323000000.0,33189389690.721653,2017-12-30,2023-05-17
1085205,7179,2018-02-01,GOOGL,0.49,0.5,amc,32323000000.0,33256035051.546394,2017-12-30,2023-05-17
1086438,8412,2018-02-07,TSLA,-0.2,-0.21,amc,3288249000.0,3342282236.8421054,2017-12-30,2023-05-17
1087506,9480,2018-02-08,NVDA,0.39,0.29,amc,2911000000.0,1913410112.3595505,2018-01-27,2023-05-17
1097004,18978,2018-03-19,ORCL,0.83,0.72,amc,9771000000.0,8393638554.216867,2018-02-27,2023-05-17
1109970,1709,2018-04-23,GOOGL,0.5,0.46,amc,31146000000.0,21683036759.1898,2018-03-30,2023-05-17
1110182,1921,2018-04-23,GOOG,0.5,0.47,amc,31146000000.0,21776498124.53113,2018-03-30,2023-05-17
1112580,4319,2018-04-26,MSFT,0.95,0.85,amc,26819000000.0,23995947368.42105,2018-03-30,2023-05-17
1115850,7589,2018-05-01,AAPL,0.68,0.67,amc,61137000000.0,59793329670.32967,2018-03-30,2023-05-17
1116061,7800,2018-05-02,TSLA,-0.22,-0.24,amc,3408751000.0,3642837014.925373,2018-03-30,2023-05-17
1120561,12300,2018-05-10,NVDA,0.51,0.4,amc,3207000000.0,2487380487.8048787,2018-04-28,2023-05-17
1126834,18573,2018-06-19,ORCL,0.99,0.94,amc,11252000000.0,10457737373.737371,2018-05-30,2023-05-17
1137573,1098,2018-07-19,MSFT,1.13,1.08,amc,30085000000.0,28753805309.73452,2018-06-29,2023-05-17
1137940,1465,2018-07-23,GOOG,0.59,0.48,amc,32657000000.0,68622859030.837006,2018-06-29,2023-05-17
1138010,1535,2018-07-23,GOOGL,0.59,0.48,amc,32657000000.0,68982517621.14537,2018-06-29,2023-05-17
1141407,4932,2018-07-31,AAPL,0.59,0.55,amc,53265000000.0,49622948717.94872,2018-06-29,2023-05-17
1142260,5785,2018-08-01,TSLA,-0.16,-0.2,amc,4002231000.0,3819092810.457516,2018-06-29,2023-05-17
1150706,14231,2018-08-16,NVDA,0.49,0.44,amc,3123000000.0,2849335051.546392,2018-07-28,2023-05-17
1155010,18535,2018-09-17,ORCL,0.71,0.69,amc,9193000000.0,8934042253.521126,2018-08-30,2023-05-17
1164308,2609,2018-10-24,MSFT,1.14,0.96,amc,29084000000.0,24491789473.68421,2018-09-29,2023-05-17
1164327,2628,2018-10-24,TSLA,0.19,0.03014,amc,6824413000.0,470648275.8620699,2018-09-29,2023-05-17
1164540,2841,2018-10-25,GOOG,0.65,0.52,amc,33740000000.0,26867993874.425728,2018-09-29,2023-05-17
1164998,3299,2018-10-25,GOOGL,0.65,0.52,amc,33740000000.0,26919663093.41501,2018-09-29,2023-05-17
1170131,8432,2018-11-01,AAPL,0.73,0.7,amc,62900000000.0,60315068493.15068,2018-09-28,2023-05-17
1177999,16300,2018-11-15,NVDA,0.46,0.47,amc,3181000000.0,3232864130.4347825,2018-10-27,2023-05-17
1180208,18509,2018-12-17,ORCL,0.8,0.78,amc,9562000000.0,9322950000.0,2018-11-29,2023-05-17
1188986,1679,2019-01-29,AAPL,1.05,1.04,amc,84310000000.0,83507047619.04762,2018-12-28,2023-05-17
1190930,3623,2019-01-30,TSLA,0.13,0.08,amc,7225873000.0,8152297435.897436,2018-12-30,2023-05-17
1193129,5822,2019-01-30,MSFT,1.1,1.09,amc,32471000000.0,32175809090.90909,2018-12-30,2023-05-17
1194824,7517,2019-02-04,GOOGL,0.64,0.54,amc,39276000000.0,33278490211.43305,2018-12-30,2023-05-17
1194877,7570,2019-02-04,GOOG,0.64,0.54,amc,39276000000.0,33278490211.43305,2018-12-30,2023-05-17
1198983,11676,2019-02-14,NVDA,0.2,0.19,amc,2205000000.0,2067187500.0,2019-01-26,2023-05-17
1205487,18180,2019-03-14,ORCL,0.87,0.84,amc,9614000000.0,9282482758.62069,2019-02-27,2023-05-17
1220737,2248,2019-04-24,MSFT,1.14,1.0,amc,30571000000.0,26816666666.666668,2019-03-30,2023-05-17
1221023,2534,2019-04-24,TSLA,-0.12,-0.05,amc,4541464000.0,1096215448.2758622,2019-03-30,2023-05-17
1224222,5733,2019-04-29,GOOGL,0.6,0.53,amc,36339000000.0,40584925263.15789,2019-03-30,2023-05-17
1224324,5835,2019-04-29,GOOG,0.6,0.53,amc,36339000000.0,40661428421.05264,2019-03-30,2023-05-17
1224883,6394,2019-04-30,AAPL,0.62,0.59,amc,58015000000.0,55207822580.64516,2019-03-29,2023-05-17
1234766,16277,2019-05-16,NVDA,0.22,0.2,amc,2220000000.0,2043409090.909091,2019-04-27,2023-05-17
1237240,18751,2019-06-19,ORCL,1.16,1.07,amc,11137000000.0,10272922413.793104,2019-05-30,2023-05-17
1248549,899,2019-07-18,MSFT,1.37,1.21,amc,33717000000.0,29779248175.18248,2019-06-29,2023-05-17
1249838,2188,2019-07-24,TSLA,-0.07,-0.02228,amc,6349676000.0,2020351454.545455,2019-06-29,2023-05-17
1249963,2313,2019-07-25,GOOG,0.71,0.57,amc,38944000000.0,31051057002.111187,2019-06-29,2023-05-17
1250173,2523,2019-07-25,GOOGL,0.71,0.56,amc,38944000000.0,30968838845.88318,2019-06-29,2023-05-17
1251389,3739,2019-07-30,AAPL,0.55,0.52,amc,53809000000.0,51852309090.90909,2019-06-28,2023-05-17
1261500,13850,2019-08-15,NVDA,0.31,0.29,amc,2579000000.0,2391814516.129032,2019-07-27,2023-05-17
1266071,18421,2019-09-11,ORCL,0.81,0.81,amc,9218000000.0,9218000000.0,2019-08-30,2023-05-17
1275220,1500,2019-10-23,TSLA,0.12,0.01867,amc,6303000000.0,1362810810.8108108,2019-09-29,2023-05-17
1275389,1669,2019-10-23,MSFT,1.38,1.25,amc,33055000000.0,29941123188.4058,2019-09-29,2023-05-17
1277244,3524,2019-10-28,GOOG,0.54,0.62,amc,40499000000.0,49863393280.63242,2019-09-29,2023-05-17
1277271,3551,2019-10-28,GOOGL,0.54,0.62,amc,40499000000.0,49703318181.81818,2019-09-29,2023-05-17
1279500,5780,2019-10-30,AAPL,0.76,0.71,amc,64040000000.0,59826842105.26315,2019-09-27,2023-05-17
1289280,15560,2019-11-14,NVDA,0.45,0.39,amc,3014000000.0,2658415730.3370786,2019-10-26,2023-05-17
1292141,18421,2019-12-12,ORCL,0.9,0.88,amc,9614000000.0,9507177777.77778,2019-11-29,2023-05-17
1301613,1412,2020-01-28,AAPL,1.25,1.14,amc,91819000000.0,83738928000.0,2019-12-27,2023-05-17
1301643,1442,2020-01-29,MSFT,1.51,1.32,amc,36906000000.0,32262198675.49669,2019-12-30,2023-05-17
1301804,1603,2020-01-29,TSLA,0.14,0.11,amc,7384000000.0,6303414634.146341,2019-12-30,2023-05-17
1305062,4861,2020-02-03,GOOGL,0.77,0.63,amc,46075000000.0,37610407166.12378,2019-12-30,2023-05-17
1305262,5061,2020-02-03,GOOG,0.77,0.63,amc,46075000000.0,37790504885.993484,2019-12-30,2023-05-17
1309328,9127,2020-02-13,NVDA,0.47,0.42,amc,3105000000.0,2743571428.571429,2020-01-25,2023-05-17
1316394,16193,2020-03-12,ORCL,0.97,0.96,amc,9796000000.0,9695010309.27835,2020-02-28,2023-05-17
1331424,3523,2020-04-28,GOOG,0.49,0.52,amc,41159000000.0,43285756838.90578,2020-03-30,2023-05-17
1331788,3887,2020-04-28,GOOGL,0.49,0.52,amc,41159000000.0,43077251266.46404,2020-03-30,2023-05-17
1332223,4322,2020-04-29,TSLA,0.08,0.01437,amc,5985000000.0,1301086956.5217395,2020-03-30,2023-05-17
1332891,4990,2020-04-29,MSFT,1.4,1.26,amc,35021000000.0,31518900000.0,2020-03-30,2023-05-17
1333996,6095,2020-04-30,AAPL,0.64,0.57,amc,58313000000.0,51023875000.00001,2020-03-27,2023-05-17
1343843,15942,2020-05-21,NVDA,0.45,0.42,amc,3080000000.0,2891777777.7777777,2020-04-25,2023-05-17
1346254,18353,2020-06-16,ORCL,1.2,1.15,amc,10439000000.0,10004041666.666666,2020-05-30,2023-05-17
1356788,1421,2020-07-22,TSLA,0.15,0.01084,amc,6036000000.0,411545454.5454542,2020-06-29,2023-05-17
1356799,1432,2020-07-22,MSFT,1.46,1.34,amc,38033000000.0,34907000000.00001,2020-06-29,2023-05-17
1359383,4016,2020-07-30,GOOGL,0.51,0.41,amc,38297000000.0,31038338598.2231,2020-06-29,2023-05-17
1359973,4606,2020-07-30,AAPL,0.65,0.51,amc,59685000000.0,46829769230.76923,2020-06-26,2023-05-17
1360145,4778,2020-07-30,GOOG,0.51,0.42,amc,38297000000.0,31529810463.968407,2020-06-29,2023-05-17
1370441,15074,2020-08-19,NVDA,0.55,0.49,amc,3866000000.0,3493587155.9633026,2020-07-25,2023-05-17
1374708,19341,2020-09-10,ORCL,0.93,0.86,amc,9367000000.0,8604569767.0,2020-08-30,2023-05-17
1385444,1273,2020-10-21,TSLA,0.25,0.19,amc,8771000000.0,6809065789.473684,2020-09-29,2023-05-17
1387745,3574,2020-10-27,MSFT,1.82,1.54,amc,37154000000.0,31438000000.0,2020-09-29,2023-05-17
1389008,4837,2020-10-29,GOOG,0.82,0.56,amc,46173000000.0,3427252439.0243907,2020-09-29,2023-05-17
1389434,5263,2020-10-29,AAPL,0.73,0.7,amc,64698000000.0,62039178082.19178,2020-09-25,2023-05-17
1389908,5737,2020-10-29,GOOGL,0.82,0.56,amc,46173000000.0,31786168902.439026,2020-09-29,2023-05-17
1400969,16798,2020-11-18,NVDA,0.73,0.64,amc,4726000000.0,4100770428.0,2020-10-24,2023-05-17
1403003,18832,2020-12-10,ORCL,1.06,1.0,amc,9800000000.0,9359550561.0,2020-11-29,2023-05-17
1412510,1027,2021-01-26,MSFT,2.03,1.64,amc,43076000000.0,40189600000.0,2020-12-30,2023-05-17
1412800,1317,2021-01-27,TSLA,0.27,0.34,amc,10744000000.0,10196800000.0,2020-12-30,2023-05-17
1413012,1529,2021-01-27,AAPL,1.68,1.41,amc,111439000000.0,90099617021.0,2020-12-25,2023-05-17
1414581,3098,2021-02-02,GOOG,1.12,0.8,amc,56898000000.0,51667227016.5,2020-12-30,2023-05-17
1414772,3289,2021-02-02,GOOGL,1.12,0.8,amc,56898000000.0,53074900000.0,2020-12-30,2023-05-17
1421678,10195,2021-02-24,NVDA,0.78,0.7,amc,5003000000.0,4814350000.0,2021-01-30,2023-05-17
1425479,13996,2021-03-10,ORCL,1.16,1.11,amc,10085000000.0,10067800000.0,2021-02-27,2023-05-17
1438225,3138,2021-04-26,TSLA,0.31,0.26,amc,10389000000.0,9976330000.0,2021-03-30,2023-05-17
1438951,3864,2021-04-27,GOOG,1.31,0.79,amc,55314000000.0,47157100785.0,2021-03-30,2023-05-17
1438965,3878,2021-04-27,MSFT,1.95,1.78,amc,41706000000.0,41032800000.0,2021-03-30,2023-05-17
1439002,3915,2021-04-27,GOOGL,1.31,0.79,amc,55314000000.0,46297503317.25,2021-03-30,2023-05-17
1439893,4806,2021-04-28,AAPL,1.4,0.99,amc,89584000000.0,76920700000.0,2021-03-26,2023-05-17
1454287,19200,2021-05-26,NVDA,0.92,0.82,amc,5661000000.0,5318430000.0,2021-05-01,2023-05-17
1455912,20825,2021-06-15,ORCL,1.54,1.31,amc,11227000000.0,11049400000.0,2021-05-30,2023-05-17
1464734,1899,2021-07-26,TSLA,0.48,0.33,amc,11958000000.0,8644038631.3125,2021-06-29,2023-05-17
1465001,2166,2021-07-27,AAPL,1.3,1.01,amc,81434000000.0,84581900000.0,2021-06-25,2023-05-17
1465240,2405,2021-07-27,GOOGL,1.36,0.97,amc,61880000000.0,63237000000.0,2021-06-29,2023-05-17
1465299,2464,2021-07-27,GOOG,1.36,0.96,amc,61880000000.0,63337000000.0,2021-06-29,2023-05-17
1465398,2563,2021-07-27,MSFT,2.17,1.92,amc,46152000000.0,43962700000.0,2021-06-29,2023-05-17
1477952,15117,2021-08-18,NVDA,1.04,1.01,amc,6507000000.0,6816700000.0,2021-07-31,2023-05-17
1482292,19457,2021-09-13,ORCL,1.03,0.97,amc,9728000000.0,9499105882.0,2021-08-30,2023-05-17
1490082,986,2021-10-20,TSLA,0.62,0.53,amc,13757000000.0,13148600000.0,2021-09-29,2023-05-17
1491624,2528,2021-10-26,GOOG,1.4,1.17,amc,65118000000.0,63378600000.0,2021-09-29,2023-05-17
1492053,2957,2021-10-26,GOOGL,1.4,1.17,amc,65118000000.0,63259500000.0,2021-09-29,2023-05-17
1492203,3107,2021-10-26,MSFT,2.27,2.07,amc,45317000000.0,44002200000.0,2021-09-29,2023-05-17
1494345,5249,2021-10-28,AAPL,1.24,1.24,amc,83360000000.0,117986000000.0,2021-09-24,2023-05-17
1507234,18138,2021-11-17,NVDA,1.17,1.11,amc,7103000000.0,7413390000.0,2021-10-30,2023-05-17
1509584,20488,2021-12-09,ORCL,1.21,1.11,amc,10360000000.0,10509700000.0,2021-11-29,2023-05-17
1517379,1125,2022-01-25,MSFT,2.48,2.31,amc,51728000000.0,49054700000.0,2021-12-30,2023-05-17
1517434,1180,2022-01-26,TSLA,0.85,0.79,amc,17719000000.0,15747600000.0,2021-12-30,2023-05-17
1517825,1571,2022-01-27,AAPL,2.1,1.89,amc,123945000000.0,93933900000.0,2021-12-24,2023-05-17
1519215,2961,2022-02-01,GOOGL,1.53,1.37,amc,75325000000.0,68120000000.0,2021-12-30,2023-05-17
1519268,3014,2022-02-01,GOOG,1.53,1.38,amc,75325000000.0,71991600000.0,2021-12-30,2023-05-17
1524834,8580,2022-02-16,NVDA,1.32,1.22,amc,7643000000.0,7413390000.0,2022-01-29,2023-05-17
1531366,15112,2022-03-10,ORCL,1.13,1.18,amc,10513000000.0,10509700000.0,2022-02-27,2023-05-17
1537237,1215,2022-04-20,TSLA,1.07,0.75,amc,18756000000.0,17801601769.5,2022-03-30,2023-05-17
1538915,2893,2022-04-26,MSFT,2.22,2.19,amc,49360000000.0,48683835616.0,2022-03-30,2023-05-17
1538929,2907,2022-04-26,GOOGL,1.23,1.3,amc,68011000000.0,71422045524.0,2022-03-30,2023-05-17
1539257,3235,2022-04-26,GOOG,1.23,1.29,amc,68011000000.0,71347190421.0,2022-03-30,2023-05-17
1542052,6030,2022-04-28,AAPL,1.52,1.43,amc,97278000000.0,91155608391.0,2022-03-25,2023-05-17
1556599,20577,2022-06-13,ORCL,1.54,1.37,amc,11840000000.0,11680600000.0,2022-05-30,2023-05-17
1559077,1131,2022-07-20,TSLA,0.76,0.6,amc,16934000000.0,17202800000.0,2022-06-29,2023-05-17
1560093,2147,2022-07-26,GOOG,1.21,1.3,amc,69685000000.0,74509346153.0,2022-06-29,2023-05-17
1560152,2206,2022-07-26,MSFT,2.23,2.29,amc,51865000000.0,53223908296.0,2022-06-29,2023-05-17
1560266,2320,2022-07-26,GOOGL,1.21,1.28,amc,69685000000.0,73495898437.0,2022-06-29,2023-05-17
1561205,3259,2022-07-28,AAPL,1.2,1.16,amc,82959000000.0,80098344827.0,2022-06-24,2023-05-17
1599701,19323,2022-12-12,ORCL,1.21,1.18,amc,12275000000.0,12046100000.0,2022-11-29,2023-05-17
1607140,3808,2023-02-02,GOOG,1.05,1.19,amc,76048000000.0,76592700000.0,2022-12-30,2023-05-17
1607172,3840,2023-02-02,AAPL,1.88,1.94,amc,117154000000.0,122054000000.0,2022-12-30,2023-05-17
1607568,4236,2023-02-02,GOOGL,1.05,1.18,amc,76048000000.0,76539900000.0,2022-12-30,2023-05-17
1621070,17738,2023-03-09,ORCL,1.22,1.2,amc,12398000000.0,13756200000.0,2023-02-27,2023-06-06
1632210,661,2023-03-09,ORCL,1.22,1.2,amc,12398000000.0,13756200000.0,2023-02-27,2023-06-06
1649444,17895,2023-04-19,TSLA,0.85,0.85,amc,23329000000.0,23290300000.0,2023-03-30,2023-06-06
1650677,19128,2023-04-25,MSFT,2.45,2.23,amc,52857000000.0,51017600000.0,2023-03-30,2023-06-06
1650984,19435,2023-04-25,GOOG,1.17,1.06,amc,69787000000.0,68883200000.0,2023-03-30,2023-06-05
1651418,19869,2023-04-25,GOOGL,1.17,1.07,amc,69787000000.0,68904000000.0,2023-03-30,2023-06-06
1659363,27814,2023-05-04,AAPL,1.52,1.43,amc,94836000000.0,92960200000.0,2023-03-31,2023-06-05
1669959,38410,2023-05-24,NVDA,1.09,0.92,amc,7192000000.0,6516830000.0,2023-04-29,2023-06-06
